review_text,label
Amazing hotel with beautiful sea view and excellent service,positive
The rooms were spotlessly clean and staff was very helpful,positive
Best trip of my life wonderful destination highly recommend,positive
Great food and friendly staff made our stay memorable,positive
Perfect location with stunning views exceeded all expectations,positive
Loved the peaceful environment and natural beauty of the place,positive
Outstanding resort with world class amenities and great hospitality,positive
Fantastic experience the tour guide was knowledgeable and friendly,positive
Beautiful destination with rich culture and delicious local cuisine,positive
Excellent value for money great facilities and clean rooms,positive
Very dirty room with cockroaches and rude front desk staff,negative
Complete waste of money worst hotel experience ever,negative
The place was overcrowded noisy and smelled terrible,negative
Extremely disappointed with the service food was cold and tasteless,negative
Hotel room had broken AC and management refused to fix it,negative
Terrible experience tour guide was unprofessional and unhelpful,negative
Overpriced for the quality of service provided very bad stay,negative
Dirty bathrooms mold on walls never staying here again,negative
Worst trip ever accommodation was horrible and unsafe,negative
The staff was rude and the place did not match photos at all,negative
Good location but rooms need renovation and better maintenance,positive
Decent stay overall though the food could be improved slightly,positive
Nice property with friendly staff minor issues with parking,positive
Affordable option with basic amenities clean and comfortable,positive
Lovely sunrise view from the room breakfast was very good,positive
The destination was breathtaking especially the waterfalls,positive
Very authentic local experience cultural shows were entertaining,positive
Kids had a blast at the water park facilities were good,positive
Peaceful retreat great for relaxation and unwinding after work,positive
Impressed with the quick check-in process and room quality,positive
Disgusting smell in corridors and pool was not maintained,negative
Booking was lost and staff showed no concern whatsoever,negative
Beach was littered with garbage very disappointing visit,negative
Long waiting times poor food quality and unhelpful concierge,negative
Facilities were outdated and wifi barely worked throughout stay,negative
Night was ruined by loud music from nearby construction,negative
False advertising photos looked nothing like the actual rooms,negative
Food poisoning from hotel restaurant ruined the entire holiday,negative
Extremely unsafe neighborhood and hotel security was inadequate,negative
Checkout was chaotic and they incorrectly charged my credit card,negative
Mesmerizing landscape and superb trekking trails highly recommended,positive
Traditional heritage property with authentic decor loved every moment,positive
Waterfront views were spectacular sunset was absolutely gorgeous,positive
Staff went above and beyond to make our anniversary special,positive
Wildlife safari was thrilling saw tigers and elephants up close,positive
Budget friendly stay with surprisingly good amenities recommended,positive
Spiritual experience at the temple truly calming and divine,positive
Excellent houseboat stay on the backwaters truly magical experience,positive
Hill station with fresh air and scenic beauty rejuvenating trip,positive
Amazing street food tour so much variety and all delicious,positive
